WKT;WKT;route_short_name;route_long_name;direction_id;trip_headsign;headsign;trip_id;stop_sequence;stop_name
"MULTIPOINT (-118.4907861 34.0114533)";MULTIPOINT (-118.4907861 34.0114533);9;Pacific Palisades;0;Line 9 Pacific Palisades / Sunset and Marquez;9 - Pacific Palisades - 0 - Line 9 Pacific Palisades / Sunset and Marquez;582609;1;Olympic Dr Eb & Avenida Mazatlan Ns
"MULTIPOINT (-118.4922701 34.0140931)";MULTIPOINT (-118.4922701 34.0140931);9;Pacific Palisades;0;Line 9 Pacific Palisades / Sunset and Marquez;9 - Pacific Palisades - 0 - Line 9 Pacific Palisades / Sunset and Marquez;582633;1;4Th Nb & Colorado Fs
"MULTIPOINT (-118.4922701 34.0140931)";MULTIPOINT (-118.4922701 34.0140931);9;Pacific Palisades;0;Line 9 Pacific Palisades / Sunset and Marquez;9 - Pacific Palisades - 0 - Line 9 Pacific Palisades / Sunset and Marquez;582609;2;4Th Nb & Colorado Fs
"MULTIPOINT (-118.4933625 34.0150203)";MULTIPOINT (-118.4933625 34.0150203);9;Pacific Palisades;0;Line 9 Pacific Palisades / Sunset and Marquez;9 - Pacific Palisades - 0 - Line 9 Pacific Palisades / Sunset and Marquez;582633;2;4Th Nb & Broadway Ns
"MULTIPOINT (-118.4933625 34.0150203)";MULTIPOINT (-118.4933625 34.0150203);9;Pacific Palisades;0;Line 9 Pacific Palisades / Sunset and Marquez;9 - Pacific Palisades - 0 - Line 9 Pacific Palisades / Sunset and Marquez;582609;3;4Th Nb & Broadway Ns
"MULTIPOINT (-118.4949244 34.0163321)";MULTIPOINT (-118.4949244 34.0163321);9;Pacific Palisades;0;Line 9 Pacific Palisades / Sunset and Marquez;9 - Pacific Palisades - 0 - Line 9 Pacific Palisades / Sunset and Marquez;582633;3;4Th Nb & Santa Monica Ns
"MULTIPOINT (-118.4949244 34.0163321)";MULTIPOINT (-118.4949244 34.0163321);9;Pacific Palisades;0;Line 9 Pacific Palisades / Sunset and Marquez;9 - Pacific Palisades - 0 - Line 9 Pacific Palisades / Sunset and Marquez;582609;4;4Th Nb & Santa Monica Ns
"MULTIPOINT (-118.496885 34.0179525)";MULTIPOINT (-118.496885 34.0179525);9;Pacific Palisades;0;Line 9 Pacific Palisades / Sunset and Marquez;9 - Pacific Palisades - 0 - Line 9 Pacific Palisades / Sunset and Marquez;582633;4;4Th Nb & Arizona Fs
"MULTIPOINT (-118.496885 34.0179525)";MULTIPOINT (-118.496885 34.0179525);9;Pacific Palisades;0;Line 9 Pacific Palisades / Sunset and Marquez;9 - Pacific Palisades - 0 - Line 9 Pacific Palisades / Sunset and Marquez;582609;5;4Th Nb & Arizona Fs
"MULTIPOINT (-118.4980961 34.0190539)";MULTIPOINT (-118.4980961 34.0190539);9;Pacific Palisades;0;Line 9 Pacific Palisades / Sunset and Marquez;9 - Pacific Palisades - 0 - Line 9 Pacific Palisades / Sunset and Marquez;582633;5;4Th Nb & Wilshire Ns
"MULTIPOINT (-118.4980961 34.0190539)";MULTIPOINT (-118.4980961 34.0190539);9;Pacific Palisades;0;Line 9 Pacific Palisades / Sunset and Marquez;9 - Pacific Palisades - 0 - Line 9 Pacific Palisades / Sunset and Marquez;582609;6;4Th Nb & Wilshire Ns
"MULTIPOINT (-118.4965661 34.0208886)";MULTIPOINT (-118.4965661 34.0208886);9;Pacific Palisades;0;Line 9 Pacific Palisades / Sunset and Marquez;9 - Pacific Palisades - 0 - Line 9 Pacific Palisades / Sunset and Marquez;582633;6;6Th Nb & Wilshire Fs
"MULTIPOINT (-118.4965661 34.0208886)";MULTIPOINT (-118.4965661 34.0208886);9;Pacific Palisades;0;Line 9 Pacific Palisades / Sunset and Marquez;9 - Pacific Palisades - 0 - Line 9 Pacific Palisades / Sunset and Marquez;582609;7;6Th Nb & Wilshire Fs
"MULTIPOINT (-118.497836 34.0219743)";MULTIPOINT (-118.497836 34.0219743);9;Pacific Palisades;0;Line 9 Pacific Palisades / Sunset and Marquez;9 - Pacific Palisades - 0 - Line 9 Pacific Palisades / Sunset and Marquez;582633;7;6Th Nb & California Ns
"MULTIPOINT (-118.497836 34.0219743)";MULTIPOINT (-118.497836 34.0219743);9;Pacific Palisades;0;Line 9 Pacific Palisades / Sunset and Marquez;9 - Pacific Palisades - 0 - Line 9 Pacific Palisades / Sunset and Marquez;582609;8;6Th Nb & California Ns
"MULTIPOINT (-118.4994627 34.0233392)";MULTIPOINT (-118.4994627 34.0233392);9;Pacific Palisades;0;Line 9 Pacific Palisades / Sunset and Marquez;9 - Pacific Palisades - 0 - Line 9 Pacific Palisades / Sunset and Marquez;582633;8;6Th Nb & Washington Ns
"MULTIPOINT (-118.4994627 34.0233392)";MULTIPOINT (-118.4994627 34.0233392);9;Pacific Palisades;0;Line 9 Pacific Palisades / Sunset and Marquez;9 - Pacific Palisades - 0 - Line 9 Pacific Palisades / Sunset and Marquez;582609;9;6Th Nb & Washington Ns
"MULTIPOINT (-118.5009862 34.0246763)";MULTIPOINT (-118.5009862 34.0246763);9;Pacific Palisades;0;Line 9 Pacific Palisades / Sunset and Marquez;9 - Pacific Palisades - 0 - Line 9 Pacific Palisades / Sunset and Marquez;582633;9;6Th Nb & Idaho Ns
"MULTIPOINT (-118.5009862 34.0246763)";MULTIPOINT (-118.5009862 34.0246763);9;Pacific Palisades;0;Line 9 Pacific Palisades / Sunset and Marquez;9 - Pacific Palisades - 0 - Line 9 Pacific Palisades / Sunset and Marquez;582609;10;6Th Nb & Idaho Ns
"MULTIPOINT (-118.5025656 34.0259937)";MULTIPOINT (-118.5025656 34.0259937);9;Pacific Palisades;0;Line 9 Pacific Palisades / Sunset and Marquez;9 - Pacific Palisades - 0 - Line 9 Pacific Palisades / Sunset and Marquez;582633;10;6Th Nb & Montana Ns
"MULTIPOINT (-118.5025656 34.0259937)";MULTIPOINT (-118.5025656 34.0259937);9;Pacific Palisades;0;Line 9 Pacific Palisades / Sunset and Marquez;9 - Pacific Palisades - 0 - Line 9 Pacific Palisades / Sunset and Marquez;582609;11;6Th Nb & Montana Ns
"MULTIPOINT (-118.5019743 34.0270434)";MULTIPOINT (-118.5019743 34.0270434);9;Pacific Palisades;0;Line 9 Pacific Palisades / Sunset and Marquez;9 - Pacific Palisades - 0 - Line 9 Pacific Palisades / Sunset and Marquez;582633;11;7Th Nb & Montana Fs
"MULTIPOINT (-118.5019743 34.0270434)";MULTIPOINT (-118.5019743 34.0270434);9;Pacific Palisades;0;Line 9 Pacific Palisades / Sunset and Marquez;9 - Pacific Palisades - 0 - Line 9 Pacific Palisades / Sunset and Marquez;582609;12;7Th Nb & Montana Fs
"MULTIPOINT (-118.5037051 34.0285575)";MULTIPOINT (-118.5037051 34.0285575);9;Pacific Palisades;0;Line 9 Pacific Palisades / Sunset and Marquez;9 - Pacific Palisades - 0 - Line 9 Pacific Palisades / Sunset and Marquez;582633;12;7Th Nb & Alta Ns
"MULTIPOINT (-118.5037051 34.0285575)";MULTIPOINT (-118.5037051 34.0285575);9;Pacific Palisades;0;Line 9 Pacific Palisades / Sunset and Marquez;9 - Pacific Palisades - 0 - Line 9 Pacific Palisades / Sunset and Marquez;582609;13;7Th Nb & Alta Ns
"MULTIPOINT (-118.5052408 34.0297872)";MULTIPOINT (-118.5052408 34.0297872);9;Pacific Palisades;0;Line 9 Pacific Palisades / Sunset and Marquez;9 - Pacific Palisades - 0 - Line 9 Pacific Palisades / Sunset and Marquez;582633;13;7Th Nb & Marguerita Ns
"MULTIPOINT (-118.5052408 34.0297872)";MULTIPOINT (-118.5052408 34.0297872);9;Pacific Palisades;0;Line 9 Pacific Palisades / Sunset and Marquez;9 - Pacific Palisades - 0 - Line 9 Pacific Palisades / Sunset and Marquez;582609;14;7Th Nb & Marguerita Ns
"MULTIPOINT (-118.5076484 34.0318554)";MULTIPOINT (-118.5076484 34.0318554);9;Pacific Palisades;0;Line 9 Pacific Palisades / Sunset and Marquez;9 - Pacific Palisades - 0 - Line 9 Pacific Palisades / Sunset and Marquez;582633;14;7Th Nb & San Vicente Ns
"MULTIPOINT (-118.5076484 34.0318554)";MULTIPOINT (-118.5076484 34.0318554);9;Pacific Palisades;0;Line 9 Pacific Palisades / Sunset and Marquez;9 - Pacific Palisades - 0 - Line 9 Pacific Palisades / Sunset and Marquez;582609;15;7Th Nb & San Vicente Ns
"MULTIPOINT (-118.5100731 34.0340505)";MULTIPOINT (-118.5100731 34.0340505);9;Pacific Palisades;0;Line 9 Pacific Palisades / Sunset and Marquez;9 - Pacific Palisades - 0 - Line 9 Pacific Palisades / Sunset and Marquez;582633;15;Entrada Wb & Stassi Ns
"MULTIPOINT (-118.5100731 34.0340505)";MULTIPOINT (-118.5100731 34.0340505);9;Pacific Palisades;0;Line 9 Pacific Palisades / Sunset and Marquez;9 - Pacific Palisades - 0 - Line 9 Pacific Palisades / Sunset and Marquez;582609;16;Entrada Wb & Stassi Ns
"MULTIPOINT (-118.5122659 34.0311986)";MULTIPOINT (-118.5122659 34.0311986);9;Pacific Palisades;0;Line 9 Pacific Palisades / Sunset and Marquez;9 - Pacific Palisades - 0 - Line 9 Pacific Palisades / Sunset and Marquez;582633;16;Entrada Wb & East Channel Ns
"MULTIPOINT (-118.5122659 34.0311986)";MULTIPOINT (-118.5122659 34.0311986);9;Pacific Palisades;0;Line 9 Pacific Palisades / Sunset and Marquez;9 - Pacific Palisades - 0 - Line 9 Pacific Palisades / Sunset and Marquez;582609;17;Entrada Wb & East Channel Ns
"MULTIPOINT (-118.51533740000001 34.0299273)";MULTIPOINT (-118.51533740000001 34.0299273);9;Pacific Palisades;0;Line 9 Pacific Palisades / Sunset and Marquez;9 - Pacific Palisades - 0 - Line 9 Pacific Palisades / Sunset and Marquez;582633;17;Mesa Sb & Entrada Ns
"MULTIPOINT (-118.51533740000001 34.0299273)";MULTIPOINT (-118.51533740000001 34.0299273);9;Pacific Palisades;0;Line 9 Pacific Palisades / Sunset and Marquez;9 - Pacific Palisades - 0 - Line 9 Pacific Palisades / Sunset and Marquez;582609;18;Mesa Sb & Entrada Ns
"MULTIPOINT (-118.5185781 34.0280597)";MULTIPOINT (-118.5185781 34.0280597);9;Pacific Palisades;0;Line 9 Pacific Palisades / Sunset and Marquez;9 - Pacific Palisades - 0 - Line 9 Pacific Palisades / Sunset and Marquez;582633;18;Entrada Wb & Pacific Coast Hwy Ns
"MULTIPOINT (-118.5185781 34.0280597)";MULTIPOINT (-118.5185781 34.0280597);9;Pacific Palisades;0;Line 9 Pacific Palisades / Sunset and Marquez;9 - Pacific Palisades - 0 - Line 9 Pacific Palisades / Sunset and Marquez;582609;19;Entrada Wb & Pacific Coast Hwy Ns
"MULTIPOINT (-118.5185918 34.0312824)";MULTIPOINT (-118.5185918 34.0312824);9;Pacific Palisades;0;Line 9 Pacific Palisades / Sunset and Marquez;9 - Pacific Palisades - 0 - Line 9 Pacific Palisades / Sunset and Marquez;582633;19;Chautauqua Nb & Corona Del Mar Ns
"MULTIPOINT (-118.5185918 34.0312824)";MULTIPOINT (-118.5185918 34.0312824);9;Pacific Palisades;0;Line 9 Pacific Palisades / Sunset and Marquez;9 - Pacific Palisades - 0 - Line 9 Pacific Palisades / Sunset and Marquez;582609;20;Chautauqua Nb & Corona Del Mar Ns
"MULTIPOINT (-118.51954720000001 34.0339304)";MULTIPOINT (-118.51954720000001 34.0339304);9;Pacific Palisades;0;Line 9 Pacific Palisades / Sunset and Marquez;9 - Pacific Palisades - 0 - Line 9 Pacific Palisades / Sunset and Marquez;582633;20;Chautauqua Nb & La Cumbre Ns
"MULTIPOINT (-118.51954720000001 34.0339304)";MULTIPOINT (-118.51954720000001 34.0339304);9;Pacific Palisades;0;Line 9 Pacific Palisades / Sunset and Marquez;9 - Pacific Palisades - 0 - Line 9 Pacific Palisades / Sunset and Marquez;582609;21;Chautauqua Nb & La Cumbre Ns
"MULTIPOINT (-118.5192483 34.0359783)";MULTIPOINT (-118.5192483 34.0359783);9;Pacific Palisades;0;Line 9 Pacific Palisades / Sunset and Marquez;9 - Pacific Palisades - 0 - Line 9 Pacific Palisades / Sunset and Marquez;582633;21;Chautauqua Nb & Almoloya Ns
"MULTIPOINT (-118.5192483 34.0359783)";MULTIPOINT (-118.5192483 34.0359783);9;Pacific Palisades;0;Line 9 Pacific Palisades / Sunset and Marquez;9 - Pacific Palisades - 0 - Line 9 Pacific Palisades / Sunset and Marquez;582609;22;Chautauqua Nb & Almoloya Ns
"MULTIPOINT (-118.518146 34.0387083)";MULTIPOINT (-118.518146 34.0387083);9;Pacific Palisades;0;Line 9 Pacific Palisades / Sunset and Marquez;9 - Pacific Palisades - 0 - Line 9 Pacific Palisades / Sunset and Marquez;582633;22;Chautauqua Nb & Borgos Fs
"MULTIPOINT (-118.518146 34.0387083)";MULTIPOINT (-118.518146 34.0387083);9;Pacific Palisades;0;Line 9 Pacific Palisades / Sunset and Marquez;9 - Pacific Palisades - 0 - Line 9 Pacific Palisades / Sunset and Marquez;582609;23;Chautauqua Nb & Borgos Fs
"MULTIPOINT (-118.51814280000001 34.0411321)";MULTIPOINT (-118.51814280000001 34.0411321);9;Pacific Palisades;0;Line 9 Pacific Palisades / Sunset and Marquez;9 - Pacific Palisades - 0 - Line 9 Pacific Palisades / Sunset and Marquez;582633;23;Chautauqua Nb & Sunset Ns
"MULTIPOINT (-118.51814280000001 34.0411321)";MULTIPOINT (-118.51814280000001 34.0411321);9;Pacific Palisades;0;Line 9 Pacific Palisades / Sunset and Marquez;9 - Pacific Palisades - 0 - Line 9 Pacific Palisades / Sunset and Marquez;582609;24;Chautauqua Nb & Sunset Ns
"MULTIPOINT (-118.5191562 34.0420188)";MULTIPOINT (-118.5191562 34.0420188);9;Pacific Palisades;0;Line 9 Pacific Palisades / Sunset and Marquez;9 - Pacific Palisades - 0 - Line 9 Pacific Palisades / Sunset and Marquez;582633;24;Sunset Wb & Hartzell Fs
"MULTIPOINT (-118.5191562 34.0420188)";MULTIPOINT (-118.5191562 34.0420188);9;Pacific Palisades;0;Line 9 Pacific Palisades / Sunset and Marquez;9 - Pacific Palisades - 0 - Line 9 Pacific Palisades / Sunset and Marquez;582609;25;Sunset Wb & Hartzell Fs
"MULTIPOINT (-118.5205576 34.0431788)";MULTIPOINT (-118.5205576 34.0431788);9;Pacific Palisades;0;Line 9 Pacific Palisades / Sunset and Marquez;9 - Pacific Palisades - 0 - Line 9 Pacific Palisades / Sunset and Marquez;582633;25;Sunset Wb & Drummond Fs
"MULTIPOINT (-118.5205576 34.0431788)";MULTIPOINT (-118.5205576 34.0431788);9;Pacific Palisades;0;Line 9 Pacific Palisades / Sunset and Marquez;9 - Pacific Palisades - 0 - Line 9 Pacific Palisades / Sunset and Marquez;582609;26;Sunset Wb & Drummond Fs
"MULTIPOINT (-118.5230934 34.0452651)";MULTIPOINT (-118.5230934 34.0452651);9;Pacific Palisades;0;Line 9 Pacific Palisades / Sunset and Marquez;9 - Pacific Palisades - 0 - Line 9 Pacific Palisades / Sunset and Marquez;582633;26;Sunset Wb & Carey Fs
"MULTIPOINT (-118.5230934 34.0452651)";MULTIPOINT (-118.5230934 34.0452651);9;Pacific Palisades;0;Line 9 Pacific Palisades / Sunset and Marquez;9 - Pacific Palisades - 0 - Line 9 Pacific Palisades / Sunset and Marquez;582609;27;Sunset Wb & Carey Fs
"MULTIPOINT (-118.5240848 34.0460718)";MULTIPOINT (-118.5240848 34.0460718);9;Pacific Palisades;0;Line 9 Pacific Palisades / Sunset and Marquez;9 - Pacific Palisades - 0 - Line 9 Pacific Palisades / Sunset and Marquez;582633;27;Sunset Wb & Monument (La Cruz) Ns
"MULTIPOINT (-118.5240848 34.0460718)";MULTIPOINT (-118.5240848 34.0460718);9;Pacific Palisades;0;Line 9 Pacific Palisades / Sunset and Marquez;9 - Pacific Palisades - 0 - Line 9 Pacific Palisades / Sunset and Marquez;582609;28;Sunset Wb & Monument (La Cruz) Ns
"MULTIPOINT (-118.5259819 34.0477302)";MULTIPOINT (-118.5259819 34.0477302);9;Pacific Palisades;0;Line 9 Pacific Palisades / Sunset and Marquez;9 - Pacific Palisades - 0 - Line 9 Pacific Palisades / Sunset and Marquez;582633;28;Sunset Wb & Swarthmore Fs
"MULTIPOINT (-118.5259819 34.0477302)";MULTIPOINT (-118.5259819 34.0477302);9;Pacific Palisades;0;Line 9 Pacific Palisades / Sunset and Marquez;9 - Pacific Palisades - 0 - Line 9 Pacific Palisades / Sunset and Marquez;582609;29;Sunset Wb & Swarthmore Fs
"MULTIPOINT (-118.5271862 34.04819)";MULTIPOINT (-118.5271862 34.04819);9;Pacific Palisades;0;Line 9 Pacific Palisades / Sunset and Marquez;9 - Pacific Palisades - 0 - Line 9 Pacific Palisades / Sunset and Marquez;582633;29;Sunset Wb & Via De La Paz Fs
"MULTIPOINT (-118.5271862 34.04819)";MULTIPOINT (-118.5271862 34.04819);9;Pacific Palisades;0;Line 9 Pacific Palisades / Sunset and Marquez;9 - Pacific Palisades - 0 - Line 9 Pacific Palisades / Sunset and Marquez;582609;30;Sunset Wb & Via De La Paz Fs
"MULTIPOINT (-118.5289231 34.0496413)";MULTIPOINT (-118.5289231 34.0496413);9;Pacific Palisades;0;Line 9 Pacific Palisades / Sunset and Marquez;9 - Pacific Palisades - 0 - Line 9 Pacific Palisades / Sunset and Marquez;582633;30;Sunset Wb Temescal Cyn Ns
"MULTIPOINT (-118.5289231 34.0496413)";MULTIPOINT (-118.5289231 34.0496413);9;Pacific Palisades;0;Line 9 Pacific Palisades / Sunset and Marquez;9 - Pacific Palisades - 0 - Line 9 Pacific Palisades / Sunset and Marquez;582609;31;Sunset Wb Temescal Cyn Ns
"MULTIPOINT (-118.5335037 34.0489052)";MULTIPOINT (-118.5335037 34.0489052);9;Pacific Palisades;0;Line 9 Pacific Palisades / Sunset and Marquez;9 - Pacific Palisades - 0 - Line 9 Pacific Palisades / Sunset and Marquez;582633;31;Sunset Wb & El Medio Fs
"MULTIPOINT (-118.5335037 34.0489052)";MULTIPOINT (-118.5335037 34.0489052);9;Pacific Palisades;0;Line 9 Pacific Palisades / Sunset and Marquez;9 - Pacific Palisades - 0 - Line 9 Pacific Palisades / Sunset and Marquez;582609;32;Sunset Wb & El Medio Fs
"MULTIPOINT (-118.5358542 34.0490198)";MULTIPOINT (-118.5358542 34.0490198);9;Pacific Palisades;0;Line 9 Pacific Palisades / Sunset and Marquez;9 - Pacific Palisades - 0 - Line 9 Pacific Palisades / Sunset and Marquez;582633;32;Sunset Wb & Muskingum Fs
"MULTIPOINT (-118.5358542 34.0490198)";MULTIPOINT (-118.5358542 34.0490198);9;Pacific Palisades;0;Line 9 Pacific Palisades / Sunset and Marquez;9 - Pacific Palisades - 0 - Line 9 Pacific Palisades / Sunset and Marquez;582609;33;Sunset Wb & Muskingum Fs
"MULTIPOINT (-118.53836440000001 34.0485715)";MULTIPOINT (-118.53836440000001 34.0485715);9;Pacific Palisades;0;Line 9 Pacific Palisades / Sunset and Marquez;9 - Pacific Palisades - 0 - Line 9 Pacific Palisades / Sunset and Marquez;582633;33;Sunset Wb & Las Lomas Fs
"MULTIPOINT (-118.53836440000001 34.0485715)";MULTIPOINT (-118.53836440000001 34.0485715);9;Pacific Palisades;0;Line 9 Pacific Palisades / Sunset and Marquez;9 - Pacific Palisades - 0 - Line 9 Pacific Palisades / Sunset and Marquez;582609;34;Sunset Wb & Las Lomas Fs
"MULTIPOINT (-118.5402865 34.0490187)";MULTIPOINT (-118.5402865 34.0490187);9;Pacific Palisades;0;Line 9 Pacific Palisades / Sunset and Marquez;9 - Pacific Palisades - 0 - Line 9 Pacific Palisades / Sunset and Marquez;582633;34;Sunset Wb & Bienvenida Fs
"MULTIPOINT (-118.5402865 34.0490187)";MULTIPOINT (-118.5402865 34.0490187);9;Pacific Palisades;0;Line 9 Pacific Palisades / Sunset and Marquez;9 - Pacific Palisades - 0 - Line 9 Pacific Palisades / Sunset and Marquez;582609;35;Sunset Wb & Bienvenida Fs
"MULTIPOINT (-118.5415369 34.0486386)";MULTIPOINT (-118.5415369 34.0486386);9;Pacific Palisades;0;Line 9 Pacific Palisades / Sunset and Marquez;9 - Pacific Palisades - 0 - Line 9 Pacific Palisades / Sunset and Marquez;582633;35;Sunset Wb & Las Casas Ns
"MULTIPOINT (-118.5415369 34.0486386)";MULTIPOINT (-118.5415369 34.0486386);9;Pacific Palisades;0;Line 9 Pacific Palisades / Sunset and Marquez;9 - Pacific Palisades - 0 - Line 9 Pacific Palisades / Sunset and Marquez;582609;36;Sunset Wb & Las Casas Ns
"MULTIPOINT (-118.5437748 34.0478343)";MULTIPOINT (-118.5437748 34.0478343);9;Pacific Palisades;0;Line 9 Pacific Palisades / Sunset and Marquez;9 - Pacific Palisades - 0 - Line 9 Pacific Palisades / Sunset and Marquez;582633;36;Sunset Wb & Marquez E (Baylor) Fs
"MULTIPOINT (-118.5437748 34.0478343)";MULTIPOINT (-118.5437748 34.0478343);9;Pacific Palisades;0;Line 9 Pacific Palisades / Sunset and Marquez;9 - Pacific Palisades - 0 - Line 9 Pacific Palisades / Sunset and Marquez;582609;37;Sunset Wb & Marquez E (Baylor) Fs
"MULTIPOINT (-118.54377770000001 34.0454837)";MULTIPOINT (-118.54377770000001 34.0454837);9;Pacific Palisades;0;Line 9 Pacific Palisades / Sunset and Marquez;9 - Pacific Palisades - 0 - Line 9 Pacific Palisades / Sunset and Marquez;582633;37;Sunset Wb & Livorno Ns
"MULTIPOINT (-118.54377770000001 34.0454837)";MULTIPOINT (-118.54377770000001 34.0454837);9;Pacific Palisades;0;Line 9 Pacific Palisades / Sunset and Marquez;9 - Pacific Palisades - 0 - Line 9 Pacific Palisades / Sunset and Marquez;582609;38;Sunset Wb & Livorno Ns
"MULTIPOINT (-118.5445672 34.0436527)";MULTIPOINT (-118.5445672 34.0436527);9;Pacific Palisades;0;Line 9 Pacific Palisades / Sunset and Marquez;9 - Pacific Palisades - 0 - Line 9 Pacific Palisades / Sunset and Marquez;582633;38;Sunset Wb & Arno Ns
"MULTIPOINT (-118.5445672 34.0436527)";MULTIPOINT (-118.5445672 34.0436527);9;Pacific Palisades;0;Line 9 Pacific Palisades / Sunset and Marquez;9 - Pacific Palisades - 0 - Line 9 Pacific Palisades / Sunset and Marquez;582609;39;Sunset Wb & Arno Ns
"MULTIPOINT (-118.5465014 34.0428525)";MULTIPOINT (-118.5465014 34.0428525);9;Pacific Palisades;0;Line 9 Pacific Palisades / Sunset and Marquez;9 - Pacific Palisades - 0 - Line 9 Pacific Palisades / Sunset and Marquez;582633;39;Sunset Wb & Salerno Fs
"MULTIPOINT (-118.5465014 34.0428525)";MULTIPOINT (-118.5465014 34.0428525);9;Pacific Palisades;0;Line 9 Pacific Palisades / Sunset and Marquez;9 - Pacific Palisades - 0 - Line 9 Pacific Palisades / Sunset and Marquez;582609;40;Sunset Wb & Salerno Fs
"MULTIPOINT (-118.54904430000001 34.0419203)";MULTIPOINT (-118.54904430000001 34.0419203);9;Pacific Palisades;0;Line 9 Pacific Palisades / Sunset and Marquez;9 - Pacific Palisades - 0 - Line 9 Pacific Palisades / Sunset and Marquez;582633;40;Sunset Wb & Marquez Pl Ns
"MULTIPOINT (-118.54904430000001 34.0419203)";MULTIPOINT (-118.54904430000001 34.0419203);9;Pacific Palisades;0;Line 9 Pacific Palisades / Sunset and Marquez;9 - Pacific Palisades - 0 - Line 9 Pacific Palisades / Sunset and Marquez;582609;41;Sunset Wb & Marquez Pl Ns
"MULTIPOINT (-118.5489521 34.041815)";MULTIPOINT (-118.5489521 34.041815);9;Pacific Palisades;1;9 Santa Monica / Santa Monica & 4th;9 - Pacific Palisades - 1 - 9 Santa Monica / Santa Monica & 4th;582658;1;Sunset Eb & Marquez Pl Fs
"MULTIPOINT (-118.5460051 34.0428965)";MULTIPOINT (-118.5460051 34.0428965);9;Pacific Palisades;1;9 Santa Monica / Santa Monica & 4th;9 - Pacific Palisades - 1 - 9 Santa Monica / Santa Monica & 4th;582658;2;Sunset Eb & Salerno Fs
"MULTIPOINT (-118.544673 34.0434557)";MULTIPOINT (-118.544673 34.0434557);9;Pacific Palisades;1;9 Santa Monica / Santa Monica & 4th;9 - Pacific Palisades - 1 - 9 Santa Monica / Santa Monica & 4th;582658;3;Sunset Eb & Arno Ns
"MULTIPOINT (-118.5436763 34.0450978)";MULTIPOINT (-118.5436763 34.0450978);9;Pacific Palisades;1;9 Santa Monica / Santa Monica & 4th;9 - Pacific Palisades - 1 - 9 Santa Monica / Santa Monica & 4th;582658;4;Sunset Eb & Livorno Ns
"MULTIPOINT (-118.54305050000001 34.0481526)";MULTIPOINT (-118.54305050000001 34.0481526);9;Pacific Palisades;1;9 Santa Monica / Santa Monica & 4th;9 - Pacific Palisades - 1 - 9 Santa Monica / Santa Monica & 4th;582658;5;Sunset Eb & Baylor (Marquez E) Fs
"MULTIPOINT (-118.5418962 34.048391)";MULTIPOINT (-118.5418962 34.048391);9;Pacific Palisades;1;9 Santa Monica / Santa Monica & 4th;9 - Pacific Palisades - 1 - 9 Santa Monica / Santa Monica & 4th;582658;6;Sunset Eb & Las Casas Ns
"MULTIPOINT (-118.5399208 34.0488221)";MULTIPOINT (-118.5399208 34.0488221);9;Pacific Palisades;1;9 Santa Monica / Santa Monica & 4th;9 - Pacific Palisades - 1 - 9 Santa Monica / Santa Monica & 4th;582658;7;Sunset Eb & Bienvenida Ns
"MULTIPOINT (-118.5380693 34.0485183)";MULTIPOINT (-118.5380693 34.0485183);9;Pacific Palisades;1;9 Santa Monica / Santa Monica & 4th;9 - Pacific Palisades - 1 - 9 Santa Monica / Santa Monica & 4th;582658;8;Sunset Eb & Northfield Fs
"MULTIPOINT (-118.5359876 34.0488717)";MULTIPOINT (-118.5359876 34.0488717);9;Pacific Palisades;1;9 Santa Monica / Santa Monica & 4th;9 - Pacific Palisades - 1 - 9 Santa Monica / Santa Monica & 4th;582658;9;Sunset Eb & Muskingum Ns
"MULTIPOINT (-118.5331286 34.0486766)";MULTIPOINT (-118.5331286 34.0486766);9;Pacific Palisades;1;9 Santa Monica / Santa Monica & 4th;9 - Pacific Palisades - 1 - 9 Santa Monica / Santa Monica & 4th;582658;10;Sunset Eb & El Medio Fs
"MULTIPOINT (-118.52975170000001 34.0497753)";MULTIPOINT (-118.52975170000001 34.0497753);9;Pacific Palisades;1;9 Santa Monica / Santa Monica & 4th;9 - Pacific Palisades - 1 - 9 Santa Monica / Santa Monica & 4th;582658;11;Sunset Eb & Temescal Cyn Ns
"MULTIPOINT (-118.5272707 34.0479909)";MULTIPOINT (-118.5272707 34.0479909);9;Pacific Palisades;1;9 Santa Monica / Santa Monica & 4th;9 - Pacific Palisades - 1 - 9 Santa Monica / Santa Monica & 4th;582658;12;Sunset Eb & Via De La Paz Ns
"MULTIPOINT (-118.5256141 34.047153)";MULTIPOINT (-118.5256141 34.047153);9;Pacific Palisades;1;9 Santa Monica / Santa Monica & 4th;9 - Pacific Palisades - 1 - 9 Santa Monica / Santa Monica & 4th;582658;13;Sunset Eb & Swarthmore Fs
"MULTIPOINT (-118.5245903 34.0462918)";MULTIPOINT (-118.5245903 34.0462918);9;Pacific Palisades;1;9 Santa Monica / Santa Monica & 4th;9 - Pacific Palisades - 1 - 9 Santa Monica / Santa Monica & 4th;582658;14;Sunset Eb & La Cruz (Monument) Ns
"MULTIPOINT (-118.5232473 34.0452149)";MULTIPOINT (-118.5232473 34.0452149);9;Pacific Palisades;1;9 Santa Monica / Santa Monica & 4th;9 - Pacific Palisades - 1 - 9 Santa Monica / Santa Monica & 4th;582658;15;Sunset Eb & Carey Ns
"MULTIPOINT (-118.5207485 34.0431277)";MULTIPOINT (-118.5207485 34.0431277);9;Pacific Palisades;1;9 Santa Monica / Santa Monica & 4th;9 - Pacific Palisades - 1 - 9 Santa Monica / Santa Monica & 4th;582658;16;Sunset Eb & Drummond Ns
"MULTIPOINT (-118.5184646 34.041204)";MULTIPOINT (-118.5184646 34.041204);9;Pacific Palisades;1;9 Santa Monica / Santa Monica & 4th;9 - Pacific Palisades - 1 - 9 Santa Monica / Santa Monica & 4th;582658;17;Sunset Eb & Pampas Ricas Fs
"MULTIPOINT (-118.5182095 34.0386728)";MULTIPOINT (-118.5182095 34.0386728);9;Pacific Palisades;1;9 Santa Monica / Santa Monica & 4th;9 - Pacific Palisades - 1 - 9 Santa Monica / Santa Monica & 4th;582658;18;Chautauqua Sb & Borgos Ns
"MULTIPOINT (-118.5191536 34.0362998)";MULTIPOINT (-118.5191536 34.0362998);9;Pacific Palisades;1;9 Santa Monica / Santa Monica & 4th;9 - Pacific Palisades - 1 - 9 Santa Monica / Santa Monica & 4th;582658;19;Chautauqua Sb & Almoloya Ns
"MULTIPOINT (-118.5196626 34.034278)";MULTIPOINT (-118.5196626 34.034278);9;Pacific Palisades;1;9 Santa Monica / Santa Monica & 4th;9 - Pacific Palisades - 1 - 9 Santa Monica / Santa Monica & 4th;582658;20;Chautauqua Sb & La Cumbre Ns
"MULTIPOINT (-118.5191153 34.031588)";MULTIPOINT (-118.5191153 34.031588);9;Pacific Palisades;1;9 Santa Monica / Santa Monica & 4th;9 - Pacific Palisades - 1 - 9 Santa Monica / Santa Monica & 4th;582658;21;Chautauqua Sb & Corona Del Mar Ns
"MULTIPOINT (-118.5185292 34.0286998)";MULTIPOINT (-118.5185292 34.0286998);9;Pacific Palisades;1;9 Santa Monica / Santa Monica & 4th;9 - Pacific Palisades - 1 - 9 Santa Monica / Santa Monica & 4th;582658;22;West Channel Eb & Pacific Coast Fs
"MULTIPOINT (-118.5154541 34.0301676)";MULTIPOINT (-118.5154541 34.0301676);9;Pacific Palisades;1;9 Santa Monica / Santa Monica & 4th;9 - Pacific Palisades - 1 - 9 Santa Monica / Santa Monica & 4th;582658;23;West Channel Eb & Mesa Ns
"MULTIPOINT (-118.5129321 34.0307279)";MULTIPOINT (-118.5129321 34.0307279);9;Pacific Palisades;1;9 Santa Monica / Santa Monica & 4th;9 - Pacific Palisades - 1 - 9 Santa Monica / Santa Monica & 4th;582658;24;Entrada Eb & Ocean Ns
"MULTIPOINT (-118.5102418 34.0336364)";MULTIPOINT (-118.5102418 34.0336364);9;Pacific Palisades;1;9 Santa Monica / Santa Monica & 4th;9 - Pacific Palisades - 1 - 9 Santa Monica / Santa Monica & 4th;582658;25;Entrada Eb & Stassi Ns
"MULTIPOINT (-118.5081017 34.0321848)";MULTIPOINT (-118.5081017 34.0321848);9;Pacific Palisades;1;9 Santa Monica / Santa Monica & 4th;9 - Pacific Palisades - 1 - 9 Santa Monica / Santa Monica & 4th;582658;26;7Th Sb & San Vicente Ns
"MULTIPOINT (-118.5053994 34.0298508)";MULTIPOINT (-118.5053994 34.0298508);9;Pacific Palisades;1;9 Santa Monica / Santa Monica & 4th;9 - Pacific Palisades - 1 - 9 Santa Monica / Santa Monica & 4th;582658;27;7Th Sb & Marguerita Ns
"MULTIPOINT (-118.5041463 34.028733)";MULTIPOINT (-118.5041463 34.028733);9;Pacific Palisades;1;9 Santa Monica / Santa Monica & 4th;9 - Pacific Palisades - 1 - 9 Santa Monica / Santa Monica & 4th;582658;28;7Th Sb & Alta Ns
"MULTIPOINT (-118.5020502 34.0269843)";MULTIPOINT (-118.5020502 34.0269843);9;Pacific Palisades;1;9 Santa Monica / Santa Monica & 4th;9 - Pacific Palisades - 1 - 9 Santa Monica / Santa Monica & 4th;582658;29;7Th Sb & Montana Ns
"MULTIPOINT (-118.5026096 34.0258815)";MULTIPOINT (-118.5026096 34.0258815);9;Pacific Palisades;1;9 Santa Monica / Santa Monica & 4th;9 - Pacific Palisades - 1 - 9 Santa Monica / Santa Monica & 4th;582658;30;6Th Sb & Montana Fs
"MULTIPOINT (-118.501363 34.0248102)";MULTIPOINT (-118.501363 34.0248102);9;Pacific Palisades;1;9 Santa Monica / Santa Monica & 4th;9 - Pacific Palisades - 1 - 9 Santa Monica / Santa Monica & 4th;582658;31;6Th Sb & Idaho Ns
"MULTIPOINT (-118.4998019 34.0234547)";MULTIPOINT (-118.4998019 34.0234547);9;Pacific Palisades;1;9 Santa Monica / Santa Monica & 4th;9 - Pacific Palisades - 1 - 9 Santa Monica / Santa Monica & 4th;582658;32;6Th Sb & Washington Ns
"MULTIPOINT (-118.498191 34.0221365)";MULTIPOINT (-118.498191 34.0221365);9;Pacific Palisades;1;9 Santa Monica / Santa Monica & 4th;9 - Pacific Palisades - 1 - 9 Santa Monica / Santa Monica & 4th;582658;33;6Th Sb & California Ns
"MULTIPOINT (-118.4965931 34.0207809)";MULTIPOINT (-118.4965931 34.0207809);9;Pacific Palisades;1;9 Santa Monica / Santa Monica & 4th;9 - Pacific Palisades - 1 - 9 Santa Monica / Santa Monica & 4th;582658;34;6Th Sb & Wilshire Ns
"MULTIPOINT (-118.49763590000001 34.0185201)";MULTIPOINT (-118.49763590000001 34.0185201);9;Pacific Palisades;1;9 Santa Monica / Santa Monica & 4th;9 - Pacific Palisades - 1 - 9 Santa Monica / Santa Monica & 4th;582658;35;4Th Sb & Wilshire Fs
"MULTIPOINT (-118.4949212 34.0161266)";MULTIPOINT (-118.4949212 34.0161266);9;Pacific Palisades;1;9 Santa Monica / Santa Monica & 4th;9 - Pacific Palisades - 1 - 9 Santa Monica / Santa Monica & 4th;582658;36;4Th Sb & Santa Monica Fs
"MULTIPOINT (-118.5489521 34.041815)";MULTIPOINT (-118.5489521 34.041815);9;Pacific Palisades;1;Santa Monica/ 4th and Civic Center;9 - Pacific Palisades - 1 - Santa Monica/ 4th and Civic Center;582634;1;Sunset Eb & Marquez Pl Fs
"MULTIPOINT (-118.5460051 34.0428965)";MULTIPOINT (-118.5460051 34.0428965);9;Pacific Palisades;1;Santa Monica/ 4th and Civic Center;9 - Pacific Palisades - 1 - Santa Monica/ 4th and Civic Center;582634;2;Sunset Eb & Salerno Fs
"MULTIPOINT (-118.544673 34.0434557)";MULTIPOINT (-118.544673 34.0434557);9;Pacific Palisades;1;Santa Monica/ 4th and Civic Center;9 - Pacific Palisades - 1 - Santa Monica/ 4th and Civic Center;582634;3;Sunset Eb & Arno Ns
"MULTIPOINT (-118.5436763 34.0450978)";MULTIPOINT (-118.5436763 34.0450978);9;Pacific Palisades;1;Santa Monica/ 4th and Civic Center;9 - Pacific Palisades - 1 - Santa Monica/ 4th and Civic Center;582634;4;Sunset Eb & Livorno Ns
"MULTIPOINT (-118.54305050000001 34.0481526)";MULTIPOINT (-118.54305050000001 34.0481526);9;Pacific Palisades;1;Santa Monica/ 4th and Civic Center;9 - Pacific Palisades - 1 - Santa Monica/ 4th and Civic Center;582634;5;Sunset Eb & Baylor (Marquez E) Fs
"MULTIPOINT (-118.5418962 34.048391)";MULTIPOINT (-118.5418962 34.048391);9;Pacific Palisades;1;Santa Monica/ 4th and Civic Center;9 - Pacific Palisades - 1 - Santa Monica/ 4th and Civic Center;582634;6;Sunset Eb & Las Casas Ns
"MULTIPOINT (-118.5399208 34.0488221)";MULTIPOINT (-118.5399208 34.0488221);9;Pacific Palisades;1;Santa Monica/ 4th and Civic Center;9 - Pacific Palisades - 1 - Santa Monica/ 4th and Civic Center;582634;7;Sunset Eb & Bienvenida Ns
"MULTIPOINT (-118.5380693 34.0485183)";MULTIPOINT (-118.5380693 34.0485183);9;Pacific Palisades;1;Santa Monica/ 4th and Civic Center;9 - Pacific Palisades - 1 - Santa Monica/ 4th and Civic Center;582634;8;Sunset Eb & Northfield Fs
"MULTIPOINT (-118.5359876 34.0488717)";MULTIPOINT (-118.5359876 34.0488717);9;Pacific Palisades;1;Santa Monica/ 4th and Civic Center;9 - Pacific Palisades - 1 - Santa Monica/ 4th and Civic Center;582634;9;Sunset Eb & Muskingum Ns
"MULTIPOINT (-118.5331286 34.0486766)";MULTIPOINT (-118.5331286 34.0486766);9;Pacific Palisades;1;Santa Monica/ 4th and Civic Center;9 - Pacific Palisades - 1 - Santa Monica/ 4th and Civic Center;582634;10;Sunset Eb & El Medio Fs
"MULTIPOINT (-118.52975170000001 34.0497753)";MULTIPOINT (-118.52975170000001 34.0497753);9;Pacific Palisades;1;Santa Monica/ 4th and Civic Center;9 - Pacific Palisades - 1 - Santa Monica/ 4th and Civic Center;582634;11;Sunset Eb & Temescal Cyn Ns
"MULTIPOINT (-118.5272707 34.0479909)";MULTIPOINT (-118.5272707 34.0479909);9;Pacific Palisades;1;Santa Monica/ 4th and Civic Center;9 - Pacific Palisades - 1 - Santa Monica/ 4th and Civic Center;582634;12;Sunset Eb & Via De La Paz Ns
"MULTIPOINT (-118.5256141 34.047153)";MULTIPOINT (-118.5256141 34.047153);9;Pacific Palisades;1;Santa Monica/ 4th and Civic Center;9 - Pacific Palisades - 1 - Santa Monica/ 4th and Civic Center;582634;13;Sunset Eb & Swarthmore Fs
"MULTIPOINT (-118.5245903 34.0462918)";MULTIPOINT (-118.5245903 34.0462918);9;Pacific Palisades;1;Santa Monica/ 4th and Civic Center;9 - Pacific Palisades - 1 - Santa Monica/ 4th and Civic Center;582634;14;Sunset Eb & La Cruz (Monument) Ns
"MULTIPOINT (-118.5232473 34.0452149)";MULTIPOINT (-118.5232473 34.0452149);9;Pacific Palisades;1;Santa Monica/ 4th and Civic Center;9 - Pacific Palisades - 1 - Santa Monica/ 4th and Civic Center;582634;15;Sunset Eb & Carey Ns
"MULTIPOINT (-118.5207485 34.0431277)";MULTIPOINT (-118.5207485 34.0431277);9;Pacific Palisades;1;Santa Monica/ 4th and Civic Center;9 - Pacific Palisades - 1 - Santa Monica/ 4th and Civic Center;582634;16;Sunset Eb & Drummond Ns
"MULTIPOINT (-118.5184646 34.041204)";MULTIPOINT (-118.5184646 34.041204);9;Pacific Palisades;1;Santa Monica/ 4th and Civic Center;9 - Pacific Palisades - 1 - Santa Monica/ 4th and Civic Center;582634;17;Sunset Eb & Pampas Ricas Fs
"MULTIPOINT (-118.5182095 34.0386728)";MULTIPOINT (-118.5182095 34.0386728);9;Pacific Palisades;1;Santa Monica/ 4th and Civic Center;9 - Pacific Palisades - 1 - Santa Monica/ 4th and Civic Center;582634;18;Chautauqua Sb & Borgos Ns
"MULTIPOINT (-118.5191536 34.0362998)";MULTIPOINT (-118.5191536 34.0362998);9;Pacific Palisades;1;Santa Monica/ 4th and Civic Center;9 - Pacific Palisades - 1 - Santa Monica/ 4th and Civic Center;582634;19;Chautauqua Sb & Almoloya Ns
"MULTIPOINT (-118.5196626 34.034278)";MULTIPOINT (-118.5196626 34.034278);9;Pacific Palisades;1;Santa Monica/ 4th and Civic Center;9 - Pacific Palisades - 1 - Santa Monica/ 4th and Civic Center;582634;20;Chautauqua Sb & La Cumbre Ns
"MULTIPOINT (-118.5191153 34.031588)";MULTIPOINT (-118.5191153 34.031588);9;Pacific Palisades;1;Santa Monica/ 4th and Civic Center;9 - Pacific Palisades - 1 - Santa Monica/ 4th and Civic Center;582634;21;Chautauqua Sb & Corona Del Mar Ns
"MULTIPOINT (-118.5185292 34.0286998)";MULTIPOINT (-118.5185292 34.0286998);9;Pacific Palisades;1;Santa Monica/ 4th and Civic Center;9 - Pacific Palisades - 1 - Santa Monica/ 4th and Civic Center;582634;22;West Channel Eb & Pacific Coast Fs
"MULTIPOINT (-118.5154541 34.0301676)";MULTIPOINT (-118.5154541 34.0301676);9;Pacific Palisades;1;Santa Monica/ 4th and Civic Center;9 - Pacific Palisades - 1 - Santa Monica/ 4th and Civic Center;582634;23;West Channel Eb & Mesa Ns
"MULTIPOINT (-118.5129321 34.0307279)";MULTIPOINT (-118.5129321 34.0307279);9;Pacific Palisades;1;Santa Monica/ 4th and Civic Center;9 - Pacific Palisades - 1 - Santa Monica/ 4th and Civic Center;582634;24;Entrada Eb & Ocean Ns
"MULTIPOINT (-118.5102418 34.0336364)";MULTIPOINT (-118.5102418 34.0336364);9;Pacific Palisades;1;Santa Monica/ 4th and Civic Center;9 - Pacific Palisades - 1 - Santa Monica/ 4th and Civic Center;582634;25;Entrada Eb & Stassi Ns
"MULTIPOINT (-118.5081017 34.0321848)";MULTIPOINT (-118.5081017 34.0321848);9;Pacific Palisades;1;Santa Monica/ 4th and Civic Center;9 - Pacific Palisades - 1 - Santa Monica/ 4th and Civic Center;582634;26;7Th Sb & San Vicente Ns
"MULTIPOINT (-118.5053994 34.0298508)";MULTIPOINT (-118.5053994 34.0298508);9;Pacific Palisades;1;Santa Monica/ 4th and Civic Center;9 - Pacific Palisades - 1 - Santa Monica/ 4th and Civic Center;582634;27;7Th Sb & Marguerita Ns
"MULTIPOINT (-118.5041463 34.028733)";MULTIPOINT (-118.5041463 34.028733);9;Pacific Palisades;1;Santa Monica/ 4th and Civic Center;9 - Pacific Palisades - 1 - Santa Monica/ 4th and Civic Center;582634;28;7Th Sb & Alta Ns
"MULTIPOINT (-118.5020502 34.0269843)";MULTIPOINT (-118.5020502 34.0269843);9;Pacific Palisades;1;Santa Monica/ 4th and Civic Center;9 - Pacific Palisades - 1 - Santa Monica/ 4th and Civic Center;582634;29;7Th Sb & Montana Ns
"MULTIPOINT (-118.5026096 34.0258815)";MULTIPOINT (-118.5026096 34.0258815);9;Pacific Palisades;1;Santa Monica/ 4th and Civic Center;9 - Pacific Palisades - 1 - Santa Monica/ 4th and Civic Center;582634;30;6Th Sb & Montana Fs
"MULTIPOINT (-118.501363 34.0248102)";MULTIPOINT (-118.501363 34.0248102);9;Pacific Palisades;1;Santa Monica/ 4th and Civic Center;9 - Pacific Palisades - 1 - Santa Monica/ 4th and Civic Center;582634;31;6Th Sb & Idaho Ns
"MULTIPOINT (-118.4998019 34.0234547)";MULTIPOINT (-118.4998019 34.0234547);9;Pacific Palisades;1;Santa Monica/ 4th and Civic Center;9 - Pacific Palisades - 1 - Santa Monica/ 4th and Civic Center;582634;32;6Th Sb & Washington Ns
"MULTIPOINT (-118.498191 34.0221365)";MULTIPOINT (-118.498191 34.0221365);9;Pacific Palisades;1;Santa Monica/ 4th and Civic Center;9 - Pacific Palisades - 1 - Santa Monica/ 4th and Civic Center;582634;33;6Th Sb & California Ns
"MULTIPOINT (-118.4965931 34.0207809)";MULTIPOINT (-118.4965931 34.0207809);9;Pacific Palisades;1;Santa Monica/ 4th and Civic Center;9 - Pacific Palisades - 1 - Santa Monica/ 4th and Civic Center;582634;34;6Th Sb & Wilshire Ns
"MULTIPOINT (-118.49763590000001 34.0185201)";MULTIPOINT (-118.49763590000001 34.0185201);9;Pacific Palisades;1;Santa Monica/ 4th and Civic Center;9 - Pacific Palisades - 1 - Santa Monica/ 4th and Civic Center;582634;35;4Th Sb & Wilshire Fs
"MULTIPOINT (-118.4949212 34.0161266)";MULTIPOINT (-118.4949212 34.0161266);9;Pacific Palisades;1;Santa Monica/ 4th and Civic Center;9 - Pacific Palisades - 1 - Santa Monica/ 4th and Civic Center;582634;36;4Th Sb & Santa Monica Fs
"MULTIPOINT (-118.4937627 34.015149)";MULTIPOINT (-118.4937627 34.015149);9;Pacific Palisades;1;Santa Monica/ 4th and Civic Center;9 - Pacific Palisades - 1 - Santa Monica/ 4th and Civic Center;582634;37;4Th Sb & Broadway Ns
"MULTIPOINT (-118.4928415 34.0143598)";MULTIPOINT (-118.4928415 34.0143598);9;Pacific Palisades;1;Santa Monica/ 4th and Civic Center;9 - Pacific Palisades - 1 - Santa Monica/ 4th and Civic Center;582634;38;4Th Sb & Santa Monica Place Co
"MULTIPOINT (-118.4907861 34.0114533)";MULTIPOINT (-118.4907861 34.0114533);9;Pacific Palisades;1;Santa Monica/ 4th and Civic Center;9 - Pacific Palisades - 1 - Santa Monica/ 4th and Civic Center;582634;39;Olympic Dr Eb & Avenida Mazatlan Ns
